Age,Salary,First Name,Last Name
24,17715.610000000008,Arjun,singh
26,44289.02500000003,Vibhor,Jha
23,26573.415000000005,Yoshita,Debnath
25,31888.098000000016,Abhitesh,Setia
26,53146.83000000001,Shaurya,Nayar
27,40745.90300000003,Disha,Gupta
